index,relative_path,Height,Width,Channel,Orientation,Features_Fpath
image6,./visualize/assets/images/image6.jpg,467,700,3,landscape,./visualize/features/image6.h5
image7,./visualize/assets/images/image7.jpg,467,700,3,landscape,./visualize/features/image7.h5
image9,./visualize/assets/images/image9.jpg,467,700,3,landscape,./visualize/features/image9.h5
image15,./visualize/assets/images/image15.jpg,875,700,3,Potrait,./visualize/features/image15.h5
image11,./visualize/assets/images/image11.jpg,467,700,3,landscape,./visualize/features/image11.h5
image19,./visualize/assets/images/image19.jpg,1050,700,3,Potrait,./visualize/features/image19.h5
image17,./visualize/assets/images/image17.jpg,467,700,3,landscape,./visualize/features/image17.h5
image14,./visualize/assets/images/image14.jpg,1233,700,3,Potrait,./visualize/features/image14.h5
image3,./visualize/assets/images/image3.jpg,889,500,3,Potrait,./visualize/features/image3.h5
image18,./visualize/assets/images/image18.jpg,394,700,3,landscape,./visualize/features/image18.h5
image13,./visualize/assets/images/image13.jpg,467,700,3,landscape,./visualize/features/image13.h5
image2,./visualize/assets/images/image2.jpg,333,500,3,landscape,./visualize/features/image2.h5
image4,./visualize/assets/images/image4.jpg,334,500,3,landscape,./visualize/features/image4.h5
image8,./visualize/assets/images/image8.jpg,1050,700,3,Potrait,./visualize/features/image8.h5
image0,./visualize/assets/images/image0.jpg,500,500,3,landscape,./visualize/features/image0.h5
image1,./visualize/assets/images/image1.jpg,750,500,3,Potrait,./visualize/features/image1.h5
image16,./visualize/assets/images/image16.jpg,467,700,3,landscape,./visualize/features/image16.h5
image12,./visualize/assets/images/image12.jpg,467,700,3,landscape,./visualize/features/image12.h5
image10,./visualize/assets/images/image10.jpg,1070,700,3,Potrait,./visualize/features/image10.h5
image5,./visualize/assets/images/image5.jpg,508,700,3,landscape,./visualize/features/image5.h5
